贈り物,パス
ウェーブキャット,./img/gift/wave_cat.png
ペロロローラー,./img/gift/roller.png
エーポッド,./img/gift/e-pod.png
禁断の愛,./img/gift/forbidden_love.png
ゲームマガジン,./img/gift/game_magazine.png
グロス,./img/gift/gloss.png
BBクリーム,./img/gift/bb_cream.png
カモフラージュクリーム,./img/gift/camouflage_cream.png
クッキーセット,./img/gift/cookie.png
銃青春,./img/gift/guns_cute.png
望遠鏡,./img/gift/scope.png
ゲームガール,./img/gift/game_girl.png
レーション,./img/gift/ration.png
ラムネ,./img/gift/soda.png
ゼリーズ枕,./img/gift/jellies_pillow.png
探偵ウサギ,./img/gift/rabbit.png
Oフィット,./img/gift/o_fit.png
地図,./img/gift/map.png
ぐるぐるメガネ,./img/gift/glasses.png
絡繰りBOX,./img/gift/mechanism_box.png
熊ぬいぐるみ,./img/gift/teddy_bear.png
ペアチケット,./img/gift/pair_ticket.png
絵具セット,./img/gift/30paints.png
詩集,./img/gift/poem_book.png
食器,./img/gift/cute_tableware.png
キューブパズル,./img/gift/cube_puzzle.png
ケーキ,./img/gift/cake.png
ビュッフェ券,./img/gift/buffet_ticket.png
植物鉢,./img/gift/flowerpot.png
欲望の壺,./img/gift/pot_of_desire.png
オルゴール,./img/gift/music_box.png
ハンカチ,./img/gift/handkerchief.png
百科事典,./img/gift/encyclopaedia.png
サプリ,./img/gift/supplement.png
浮き輪,./img/gift/float.png
レースの枕,./img/gift/lace_pillow.png
ヤンキー,./img/gift/yankee.png
ザ・ビヨンド,./img/gift/the_beyond.png
卵の工芸品,./img/gift/egg_crafts.png
清純派パフェ,./img/gift/parfait.png
エイ～ブックレア,./img/gift/laptop.png
おしゃれくし,./img/gift/comb.png
ビタミンゼリー,./img/gift/vitamin_jelly.png
楓盆栽,./img/gift/maple.png
裁縫キット,./img/gift/sewing_kit.png
演奏会入場券,./img/gift/concert_tickets.png
ダンベルセット,./img/gift/dumbbell.png
ザ・人生,./img/gift/the_life.png
ミクカード,./img/gift/miku_photo_card.png
きらめき花束,./img/gift/sparkling_bouquet.png
美しい花束,./img/gift/beautiful_bouquet.png
さわやか花束,./img/gift/refreshing_bouquet.png