生徒名,パス
アイリ,./img/student/face/airi.png
アイリ (バンド),./img/student/face/airi_band.png
アオバ,./img/student/face/aoba.png
アカネ,./img/student/face/akane.png
アカネ (バニー),./img/student/face/akane_bunny.png
アカリ,./img/student/face/akari.png
アカリ (正月),./img/student/face/akari_newyear.png
アコ,./img/student/face/ako.png
アコ (ドレス),./img/student/face/ako_dress.png
アズサ,./img/student/face/azusa.png
アズサ (水着),./img/student/face/azusa_swim.png
アスナ,./img/student/face/asuna.png
アスナ (バニー),./img/student/face/asuna_bunny.png
アスナ (制服),./img/student/face/asuna_school.png
アツコ,./img/student/face/atsuko.png
アツコ (水着),./img/student/face/atsuko_swim.png
アヤネ,./img/student/face/ayane.png
アヤネ (水着),./img/student/face/ayane_swim.png
アリス,./img/student/face/arisu.png
アリス (メイド),./img/student/face/arisu_maid.png
アル,./img/student/face/aru.png
アル (ドレス),./img/student/face/aru_dress.png
アル (正月),./img/student/face/aru_newyear.png
イオリ,./img/student/face/iori.png
イオリ (水着),./img/student/face/iori_swim.png
イズナ,./img/student/face/izuna.png
イズナ (水着),./img/student/face/izuna_swim.png
イズミ,./img/student/face/izumi.png
イズミ (水着),./img/student/face/izumi_swim.png
イズミ (正月),./img/student/face/izumi_newyear.png
イチカ,./img/student/face/ichika.png
イチカ (水着),./img/student/face/ichika_swim.png
イブキ,./img/student/face/ibuki.png
イロハ,./img/student/face/iroha.png
ウイ,./img/student/face/ui.png
ウイ (水着),./img/student/face/ui_swim.png
ウタハ,./img/student/face/utaha.png
ウタハ (応援団),./img/student/face/utaha_cheer.png
ウミカ,./img/student/face/umika.png
エイミ,./img/student/face/eimi.png
エイミ (水着),./img/student/face/eimi_swim.png
エリ,./img/student/face/eri.png
カエデ,./img/student/face/kaede.png
カズサ,./img/student/face/kazusa.png
カズサ (バンド),./img/student/face/kazusa_band.png
カスミ,./img/student/face/kasumi.png
カノエ,./img/student/face/kanoe.png
カホ,./img/student/face/kaho.png
カヨコ,./img/student/face/kayoko.png
カヨコ (ドレス),./img/student/face/kayoko_dress.png
カヨコ (正月),./img/student/face/kayoko_newyear.png
カリン,./img/student/face/karin.png
カリン (バニー),./img/student/face/karin_bunny.png
カリン (制服),./img/student/face/karin_school.png
カンナ,./img/student/face/kanna.png
カンナ (水着),./img/student/face/kanna_swim.png
キキョウ,./img/student/face/kikyou.png
キキョウ (水着),./img/student/face/kikyou_swim.png
キサキ,./img/student/face/kisaki.png
キララ,./img/student/face/kirara.png
キリノ,./img/student/face/kirino.png
キリノ (水着),./img/student/face/kirino_swim.png
ココナ,./img/student/face/kokona.png
コタマ,./img/student/face/kotama.png
コタマ (キャンプ),./img/student/face/kotama_camp.png
コトリ,./img/student/face/kotori.png
コトリ (応援団),./img/student/face/kotori_cheer.png
コハル,./img/student/face/koharu.png
コハル (水着),./img/student/face/koharu_swim.png
コユキ,./img/student/face/koyuki.png
サオリ,./img/student/face/saori.png
サオリ (水着),./img/student/face/saori_swim.png
サオリ (ドレス),./img/student/face/saori_dress.png
サキ,./img/student/face/saki.png
サキ (水着),./img/student/face/saki_swim.png
サクラコ,./img/student/face/sakurako.png
サクラコ (アイドル),./img/student/face/sakurako_idol.png
サツキ,./img/student/face/satsuki.png
サヤ,./img/student/face/saya.png
サヤ (私服),./img/student/face/saya_casual.png
シグレ,./img/student/face/shigure.png
シグレ (温泉),./img/student/face/shigure_hotspring.png
シズコ,./img/student/face/shizuko.png
シズコ (水着),./img/student/face/shizuko_swim.png
シミコ,./img/student/face/shimiko.png
ジュリ,./img/student/face/juri.png
ジュリ (アルバイト),./img/student/face/juri_job.png
シュン,./img/student/face/shun.png
シュン (幼女),./img/student/face/shun_kid.png
ジュンコ,./img/student/face/junko.png
ジュンコ (正月),./img/student/face/junko_newyear.png
シロコ,./img/student/face/shiroko.png
シロコ (ライディング),./img/student/face/shiroko_riding.png
シロコ (水着),./img/student/face/shiroko_swim.png
シロコ＊テラー,./img/student/face/shiroko_terror.png
スズミ,./img/student/face/suzumi.png
スミレ,./img/student/face/sumire.png
スミレ (アルバイト),./img/student/face/sumire_job.png
セイア,./img/student/face/seia.png
セイア (水着),./img/student/face/seia_swim.png
セナ,./img/student/face/sena.png
セナ (私服),./img/student/face/sena_casual.png
セリカ,./img/student/face/serika.png
セリカ (水着),./img/student/face/serika_swim.png
セリカ (正月),./img/student/face/serika_newyear.png
セリナ,./img/student/face/serina.png
セリナ (クリスマス),./img/student/face/serina_christmas.png
チアキ,./img/student/face/chiaki.png
チェリノ,./img/student/face/cherino.png
チェリノ (温泉),./img/student/face/cherino_hotspring.png
チセ,./img/student/face/chise.png
チセ (水着),./img/student/face/chise_swim.png
チナツ,./img/student/face/chinatsu.png
チナツ (温泉),./img/student/face/chinatsu_hotspring.png
チヒロ,./img/student/face/chihiro.png
ツクヨ,./img/student/face/tsukuyo.png
ツバキ,./img/student/face/tsubaki.png
ツバキ (ガイド),./img/student/face/tsubaki_guide.png
ツルギ,./img/student/face/tsurugi.png
ツルギ (水着),./img/student/face/tsurugi_swim.png
トキ,./img/student/face/toki.png
トキ (バニー),./img/student/face/toki_bunny.png
トモエ,./img/student/face/tomoe.png
トモエ (チーパオ),./img/student/face/tomoe_qipao.png
ナギサ,./img/student/face/nagisa.png
ナギサ (水着),./img/student/face/nagisa_swim.png
ナグサ,./img/student/face/nagusa.png
ナツ,./img/student/face/natsu.png
ナツ (バンド),./img/student/face/natsu_band.png
ニヤ,./img/student/face/niya.png
ネル,./img/student/face/neru.png
ネル (バニー),./img/student/face/neru_bunny.png
ネル (制服),./img/student/face/neru_school.png
ノア,./img/student/face/noa.png
ノア (パジャマ),./img/student/face/noa_pajama.png
ノゾミ,./img/student/face/nozomi.png
ノドカ,./img/student/face/nodoka.png
ノドカ (温泉),./img/student/face/nodoka_hotspring.png
ノノミ,./img/student/face/nonomi.png
ノノミ (水着),./img/student/face/nonomi_swim.png
ハスミ,./img/student/face/hasumi.png
ハスミ (体操服),./img/student/face/hasumi_sports.png
ハスミ (水着),./img/student/face/hasumi_swim.png
ハナエ,./img/student/face/hanae.png
ハナエ (クリスマス),./img/student/face/hanae_christmas.png
ハナコ,./img/student/face/hanako.png
ハナコ (水着),./img/student/face/hanako_swim.png
ハルカ,./img/student/face/haruka.png
ハルカ (正月),./img/student/face/haruka_newyear.png
ハルナ,./img/student/face/haruna.png
ハルナ (正月),./img/student/face/haruna_newyear.png
ハルナ (体操服),./img/student/face/haruna_sports.png
ハレ,./img/student/face/hare.png
ハレ (キャンプ),./img/student/face/hare_camp.png
ヒカリ,./img/student/face/hikari.png
ヒナ,./img/student/face/hina.png
ヒナ (ドレス),./img/student/face/hina_dress.png
ヒナ (水着),./img/student/face/hina_swim.png
ヒナタ,./img/student/face/hinata.png
ヒナタ (水着),./img/student/face/hinata_swim.png
ヒビキ,./img/student/face/hibiki.png
ヒビキ (応援団),./img/student/face/hibiki_cheer.png
ヒフミ,./img/student/face/hifumi.png
ヒフミ (水着),./img/student/face/hifumi_swim.png
ヒマリ,./img/student/face/himari.png
ヒヨリ,./img/student/face/hiyori.png
ヒヨリ (水着),./img/student/face/hiyori_swim.png
フィーナ,./img/student/face/pina.png
フィーナ (ガイド),./img/student/face/pina_guide.png
フウカ,./img/student/face/fuuka.png
フウカ (正月),./img/student/face/fuuka_newyear.png
フブキ,./img/student/face/fubuki.png
フブキ (水着),./img/student/face/fubuki_swim.png
フユ,./img/student/face/fuyu.png
ホシノ,./img/student/face/hoshino.png
ホシノ (水着),./img/student/face/hoshino_swim.png
ホシノ (臨戦),./img/student/face/hoshino_battle.png
マキ,./img/student/face/maki.png
マキ (キャンプ),./img/student/face/maki_camp.png
マコト,./img/student/face/makoto.png
マシロ,./img/student/face/mashiro.png
マシロ (水着),./img/student/face/mashiro_swim.png
マリー,./img/student/face/mari.png
マリー (アイドル),./img/student/face/mari_idol.png
マリー (体操服),./img/student/face/mari_sports.png
マリナ,./img/student/face/marina.png
マリナ (チーパオ),./img/student/face/marina_qipao.png
ミカ,./img/student/face/mika.png
ミカ (水着),./img/student/face/mika_swim.png
ミサキ,./img/student/face/misaki.png
ミサキ (水着),./img/student/face/misaki_swim.png
ミチル,./img/student/face/michiru.png
ミドリ,./img/student/face/midori.png
ミドリ (メイド),./img/student/face/midori_maid.png
ミナ,./img/student/face/mina.png
ミネ,./img/student/face/mine.png
ミネ (アイドル),./img/student/face/mine_idol.png
ミノリ,./img/student/face/minori.png
ミモリ,./img/student/face/mimori.png
ミモリ (水着),./img/student/face/mimori_swim.png
ミヤコ,./img/student/face/miyako.png
ミヤコ (水着),./img/student/face/miyako_swim.png
ミユ,./img/student/face/miyu.png
ミユ (水着),./img/student/face/miyu_swim.png
ミヨ,./img/student/face/miyo.png
ムツキ,./img/student/face/mutsuki.png
ムツキ (正月),./img/student/face/mutsuki_newyear.png
メグ,./img/student/face/megu.png
メル,./img/student/face/meru.png
モエ,./img/student/face/moe.png
モエ (水着),./img/student/face/moe_swim.png
モミジ,./img/student/face/momiji.png
モモイ,./img/student/face/momoi.png
モモイ (メイド),./img/student/face/momoi_maid.png
ユウカ,./img/student/face/yuuka.png
ユウカ (パジャマ),./img/student/face/yuuka_pajama.png
ユウカ (体操服),./img/student/face/yuuka_sports.png
ユカリ,./img/student/face/yukari.png
ユカリ (水着),./img/student/face/yukari_swim.png
ユズ,./img/student/face/yuzu.png
ユズ (メイド),./img/student/face/yuzu_maid.png
ヨシミ,./img/student/face/yoshimi.png
ヨシミ (バンド),./img/student/face/yoshimi_band.png
リオ,./img/student/face/rio.png
リツ,./img/peroro.png
ルミ,./img/student/face/rumi.png
レイ,./img/student/face/rei.png
レイサ,./img/student/face/reisa.png
レイジョ,./img/student/face/reijo.png
レンゲ,./img/student/face/renge.png
レンゲ (水着),./img/student/face/renge_swim.png
ワカモ,./img/student/face/wakamo.png
ワカモ (水着),./img/student/face/wakamo_swim.png
御坂美琴,./img/student/face/misaka_mikoto.png
佐天涙子,./img/student/face/saten_ruiko.png
初音ミク,./img/student/face/hatsune_miku.png
食蜂操祈,./img/student/face/shokuhou_misaki.png